[
  {
    "value": "Mahalakshmi",
    "synonyms": [
      "Mahalakshmi Layout",
      "Mahalakshmi",
      "Mahalaxmi"
    ]
  },
  {
    "value": "J P Nagar",
    "synonyms": [
      "Jayaprakash Nagar.",
      "J P Nagar",
      "JP Nagar"
    ]
  },
  {
    "value": "Banashankari",
    "synonyms": [
      "Banashankri",
      "Banshankari"
    ]
  },
  {
    "value": "Srirampura",
    "synonyms": [
      "Srirampura",
      "Sriramapura"
    ]
  },
  {
    "value": "K R Market",
    "synonyms": [
      "K R Market",
      "Krishna Rajendra Market",
      "kr market",
      "market"
    ]
  },
  {
    "value": "Nagasandra",
    "synonyms": [
      "Nagasandra"
    ]
  },
  {
    "value": "Nagasandra",
    "synonyms": [
      "Nagasandra"
    ]
  },
  {
    "value": "Yelechenahalli",
    "synonyms": [
      "Yelechenhalli",
      "Yelachenahalli"
    ]
  },
  {
    "value": "Yeshwantpur",
    "synonyms": [
      "Yeshwanthpura",
      "Yeshwantpur",
      "Yeshwanthpur"
    ]
  },
  {
    "value": "Dasarahalli",
    "synonyms": [
      "Dasarahalli"
    ]
  },
  {
    "value": "Rajajinagar",
    "synonyms": [
      "Rajajinagar"
    ]
  },
  {
    "value": "Jalahalli",
    "synonyms": [
      "Jalahalli",
      "jalahalli cross"
    ]
  },
  {
    "value": "Kuvempu Road",
    "synonyms": [
      "Kuvempu Road",
      "Rashtarakavi Kuvempu Road"
    ]
  },
  {
    "value": "Kempegowda Majestic",
    "synonyms": [
      "Nadaprabhu Kempegowda",
      "KBS",
      "Majestic"
    ]
  },
  {
    "value": "Peenya Industry",
    "synonyms": [
      "Peenya Industry"
    ]
  },
  {
    "value": "R V Road",
    "synonyms": [
      "Rashtriya Vidyalaya Road",
      "R V Road",
      "rv road",
      "r v road",
      "rv",
      "Rashtriya vidyalaya"
    ]
  },
  {
    "value": "South End Circle",
    "synonyms": [
      "South End Circle",
      "southend circle"
    ]
  },
  {
    "value": "Chikpet",
    "synonyms": [
      "Chickpete",
      "Chickpet",
      "Chikpet"
    ]
  },
  {
    "value": "Mantri Square",
    "synonyms": [
      "Mantri Square",
      "Sampige Road"
    ]
  },
  {
    "value": "Goraguntepalya",
    "synonyms": [
      "Goraguntepalya"
    ]
  },
  {
    "value": "Jayanagar",
    "synonyms": [
      "Jayanagar"
    ]
  },
  {
    "value": "Lalbagh",
    "synonyms": [
      "Lalbagh",
      "lal bagh",
      "lalbhagh"
    ]
  },
  {
    "value": "Peenya",
    "synonyms": [
      "Peenya"
    ]
  },
  {
    "value": "Sandal Soap Factory",
    "synonyms": [
      "Sandal Soap Factory"
    ]
  },
  {
    "value": "National College",
    "synonyms": [
      "National College"
    ]
  }
]