[
  {
    "value": "City Railway Station",
    "synonyms": [
      "City Railway Station",
      "City Station"
    ]
  },
  {
    "value": "Cubbon Park",
    "synonyms": [
      "Cubbon Park",
      "cubbon park"
    ]
  },
  {
    "value": "Deepanjali Nagar",
    "synonyms": [
      "Deepanjali Nagar"
    ]
  },
  {
    "value": "Indiranagar",
    "synonyms": [
      "Indiranagar",
      "Indira nagar",
      "indira nagar"
    ]
  },
  {
    "value": "Visveswaraya",
    "synonyms": [
      "central college",
      "visveswaraya",
      "Viswesvaraya",
      "Visveswaraya"
    ]
  },
  {
    "value": "Trinity",
    "synonyms": [
      "Trinity"
    ]
  },
  {
    "value": "Vijaynagar",
    "synonyms": [
      "Vijay Nagar",
      "vijaynagar"
    ]
  },
  {
    "value": "Swami Vivekananda Road",
    "synonyms": [
      "Swami Vivekanada Road"
    ]
  },
  {
    "value": "Vidhan Soudha",
    "synonyms": [
      "Vidhan Soudha",
      "Dr.B.R.Ambedkar Station"
    ]
  },
  {
    "value": "M G Road",
    "synonyms": [
      "Mahatma Gandhi Road",
      "M G Road",
      "M G ROAD",
      "M g Road",
      "MG Road",
      "MG road"
    ]
  },
  {
    "value": "Hosahalli",
    "synonyms": [
      "Hosahalli"
    ]
  },
  {
    "value": "Baiyappanahalli",
    "synonyms": [
      "Baiyappanhalli"
    ]
  },
  {
    "value": "Halasuru",
    "synonyms": [
      "Halasuru"
    ]
  },
  {
    "value": "Mysore Road",
    "synonyms": [
      "mysore road"
    ]
  },
  {
    "value": "Magadi Road",
    "synonyms": [
      "Magadi Road",
      "magadi road"
    ]
  },
  {
    "value": "Kempegowda Majestic",
    "synonyms": [
      "Nadaprabhu Kempegowda Station",
      "Majestic",
      "KBS"
    ]
  },
  {
    "value": "Attiguppe",
    "synonyms": [
      "Attiguppe"
    ]
  },
  {
    "value": "Swami Vivekananda Road",
    "synonyms": [
      "Swami Vivekananda Road"
    ]
  }
]