[
  {
    "id": "87f0279b-a31f-4f98-a929-8caa7ceadc61",
    "data": [
      {
        "text": "Dasarahalli",
        "alias": "GreenLine",
        "meta": "@GreenLine",
        "userDefined": false
      }
    ],
    "isTemplate": false,
    "count": 0,
    "updated": 1540638148
  },
  {
    "id": "a0df80a1-2f54-4c52-96dd-bf89c48fb36b",
    "data": [
      {
        "text": "Nagasandra",
        "alias": "GreenLine",
        "meta": "@GreenLine",
        "userDefined": false
      }
    ],
    "isTemplate": false,
    "count": 0,
    "updated": 1540638148
  },
  {
    "id": "6ffc9d46-5c91-4623-b984-78831b67df58",
    "data": [
      {
        "text": "Indiranagar",
        "alias": "PurpleLine",
        "meta": "@PurpleLine",
        "userDefined": false
      }
    ],
    "isTemplate": false,
    "count": 0,
    "updated": 1540638148
  },
  {
    "id": "e22bc881-189f-4bcc-a973-eb082354fd31",
    "data": [
      {
        "text": "Swami Vivekananda Road",
        "alias": "PurpleLine",
        "meta": "@PurpleLine",
        "userDefined": false
      }
    ],
    "isTemplate": false,
    "count": 0,
    "updated": 1540638148
  },
  {
    "id": "53e4431c-f155-4ae4-91aa-364d8c33d15d",
    "data": [
      {
        "text": "Majestic",
        "alias": "PurpleLine",
        "meta": "@PurpleLine",
        "userDefined": false
      }
    ],
    "isTemplate": false,
    "count": 0,
    "updated": 1540632942
  },
  {
    "id": "4a04ba7a-fab7-43c7-a0bc-b835920f593d",
    "data": [
      {
        "text": "Chikpet",
        "alias": "GreenLine",
        "meta": "@GreenLine",
        "userDefined": false
      }
    ],
    "isTemplate": false,
    "count": 0,
    "updated": 1540632942
  },
  {
    "id": "408e0843-2689-4e3f-9e8b-924bfe5c0175",
    "data": [
      {
        "text": "MG Road",
        "alias": "PurpleLine",
        "meta": "@PurpleLine",
        "userDefined": false
      }
    ],
    "isTemplate": false,
    "count": 0,
    "updated": 1540632942
  },
  {
    "id": "14b67b85-4ffc-4bc8-bf92-a35e61903ef4",
    "data": [
      {
        "text": "jalahalli",
        "alias": "GreenLine",
        "meta": "@GreenLine",
        "userDefined": false
      }
    ],
    "isTemplate": false,
    "count": 0,
    "updated": 1540632942
  },
  {
    "id": "633ae72e-6f05-4baa-8e94-22b946483d82",
    "data": [
      {
        "text": "I would love to go to ",
        "userDefined": false
      },
      {
        "text": "rv",
        "alias": "GreenLine",
        "meta": "@GreenLine",
        "userDefined": false
      }
    ],
    "isTemplate": false,
    "count": 0,
    "updated": 1539165940
  },
  {
    "id": "c1012b5f-c814-4fe6-9597-39dcc6721525",
    "data": [
      {
        "text": "Take me to ",
        "userDefined": false
      },
      {
        "text": "central college",
        "alias": "PurpleLine",
        "meta": "@PurpleLine",
        "userDefined": false
      }
    ],
    "isTemplate": false,
    "count": 0,
    "updated": 1539165940
  },
  {
    "id": "fc98d1a0-947d-48e2-92a3-6a97e7073eb0",
    "data": [
      {
        "text": "I want to go to ",
        "userDefined": false
      },
      {
        "text": "Peenya",
        "alias": "GreenLine",
        "meta": "@GreenLine",
        "userDefined": false
      }
    ],
    "isTemplate": false,
    "count": 0,
    "updated": 1539165940
  },
  {
    "id": "da318f22-eb4d-441f-87e1-5700a5eee1cc",
    "data": [
      {
        "text": "My destination is ",
        "userDefined": false
      },
      {
        "text": "peenya",
        "alias": "GreenLine",
        "meta": "@GreenLine",
        "userDefined": false
      }
    ],
    "isTemplate": false,
    "count": 0,
    "updated": 1539165940
  },
  {
    "id": "6cd8b1f6-30fc-4a23-8f00-c36268d1f20c",
    "data": [
      {
        "text": "I want to go to ",
        "userDefined": false
      },
      {
        "text": "MG road",
        "alias": "PurpleLine",
        "meta": "@PurpleLine",
        "userDefined": false
      }
    ],
    "isTemplate": false,
    "count": 0,
    "updated": 1539162272
  }
]