[
  {
    "id": "bc6d92f3-bbff-45bb-8a57-a902cf209bba",
    "data": [
      {
        "text": "What is your use",
        "userDefined": false
      }
    ],
    "isTemplate": false,
    "count": 0,
    "updated": 1539154427
  },
  {
    "id": "fef2013b-2b87-4c1c-94a2-cea6d3a439f9",
    "data": [
      {
        "text": "Please help me",
        "userDefined": false
      }
    ],
    "isTemplate": false,
    "count": 0,
    "updated": 1539154427
  },
  {
    "id": "481ad6cc-0839-4eed-b1af-a7a648af52a0",
    "data": [
      {
        "text": "How can you help me",
        "userDefined": false
      }
    ],
    "isTemplate": false,
    "count": 0,
    "updated": 1539154427
  },
  {
    "id": "e0a4945d-25b3-4a64-8af0-e0c843920bf7",
    "data": [
      {
        "text": "I think you are useless",
        "userDefined": false
      }
    ],
    "isTemplate": false,
    "count": 0,
    "updated": 1539154427
  },
  {
    "id": "681ad6e9-bc14-48b1-b1ac-f20b76f2da26",
    "data": [
      {
        "text": "Siri is better than you",
        "userDefined": false
      }
    ],
    "isTemplate": false,
    "count": 0,
    "updated": 1539154427
  },
  {
    "id": "2b404150-28b7-4d52-a325-1ad4644e3489",
    "data": [
      {
        "text": "What are your functions",
        "userDefined": false
      }
    ],
    "isTemplate": false,
    "count": 0,
    "updated": 1539154427
  },
  {
    "id": "07ae100e-f5a2-4527-81ed-7b7a5d296719",
    "data": [
      {
        "text": "What is your function",
        "userDefined": false
      }
    ],
    "isTemplate": false,
    "count": 0,
    "updated": 1539154427
  },
  {
    "id": "29f3a39e-17ad-4994-be08-2e39eea9edf3",
    "data": [
      {
        "text": "Can you help me",
        "userDefined": false
      }
    ],
    "isTemplate": false,
    "count": 0,
    "updated": 1539154427
  },
  {
    "id": "27099f6e-b3e8-454e-9581-cf37af235151",
    "data": [
      {
        "text": "Why do I need you",
        "userDefined": false
      }
    ],
    "isTemplate": false,
    "count": 0,
    "updated": 1539154427
  },
  {
    "id": "f04df2d8-eaba-4a0b-8063-836374efadf6",
    "data": [
      {
        "text": "What can you do ?",
        "userDefined": false
      }
    ],
    "isTemplate": false,
    "count": 0,
    "updated": 1539154427
  }
]