[
  {
    "id": "7009b28e-c216-4f54-9fa6-4615260c0cac",
    "data": [
      {
        "text": "Swami Vivekananda Road",
        "alias": "PurpleLine",
        "meta": "@PurpleLine",
        "userDefined": false
      }
    ],
    "isTemplate": false,
    "count": 0,
    "updated": 1540638169
  },
  {
    "id": "ed278e4c-0b69-49ee-8cca-c14d92adcba7",
    "data": [
      {
        "text": "i am next to ",
        "userDefined": false
      },
      {
        "text": "sandal soap factory",
        "alias": "GreenLine",
        "meta": "@GreenLine",
        "userDefined": false
      }
    ],
    "isTemplate": false,
    "count": 0,
    "updated": 1540633111
  },
  {
    "id": "d4406cf2-81df-405f-80ee-2d957ffe2eca",
    "data": [
      {
        "text": "i am in ",
        "userDefined": false
      },
      {
        "text": "chikpet",
        "alias": "GreenLine",
        "meta": "@GreenLine",
        "userDefined": false
      }
    ],
    "isTemplate": false,
    "count": 0,
    "updated": 1540633111
  },
  {
    "id": "8d9fa3dd-7ce3-4883-a5ef-4133207c43c5",
    "data": [
      {
        "text": "I am near ",
        "userDefined": false
      },
      {
        "text": "yeshwantpur",
        "alias": "GreenLine",
        "meta": "@GreenLine",
        "userDefined": false
      }
    ],
    "isTemplate": false,
    "count": 0,
    "updated": 1540633111
  },
  {
    "id": "77c0b4b5-e509-483a-aa67-9c314038e331",
    "data": [
      {
        "text": "majestic",
        "alias": "PurpleLine",
        "meta": "@PurpleLine",
        "userDefined": false
      }
    ],
    "isTemplate": false,
    "count": 0,
    "updated": 1540633111
  },
  {
    "id": "269e16bb-820e-4f96-a9e3-090ccef08929",
    "data": [
      {
        "text": "Peenya",
        "alias": "GreenLine",
        "meta": "@GreenLine",
        "userDefined": false
      }
    ],
    "isTemplate": false,
    "count": 0,
    "updated": 1540633111
  },
  {
    "id": "6adfe7e7-fcd9-4665-a0b9-7c0668b681ac",
    "data": [
      {
        "text": "Jalahalli",
        "alias": "GreenLine",
        "meta": "@GreenLine",
        "userDefined": false
      }
    ],
    "isTemplate": false,
    "count": 0,
    "updated": 1540633111
  },
  {
    "id": "ec299fe4-7002-4969-9ba1-e3740c430f13",
    "data": [
      {
        "text": "MG road",
        "alias": "PurpleLine",
        "meta": "@PurpleLine",
        "userDefined": false
      }
    ],
    "isTemplate": false,
    "count": 0,
    "updated": 1540633111
  }
]